<?xml version="1.0" encoding="UTF-8"?><?xml-stylesheet type='text/xsl' href='_UpgradeReport_Files/UpgradeReport.xslt'?><UpgradeLog>
<Properties><Property Name="Solution" Value="程序">
</Property><Property Name="解决方案文件" Value="E:\待51\temp\net个人防护产品ERP系统\程序\程序.sln">
</Property><Property Name="Date" Value="2020年2月7日">
</Property><Property Name="Time" Value="11:49">
</Property></Properties><Event ErrorLevel="0" Project="" Source="程序.sln" Description="成功转换解决方案">
</Event><Event ErrorLevel="3" Project="" Source="程序.sln" Description="Converted">
</Event></UpgradeLog>